email,password,repassword,name,surname,country,street,postcode,state,city,mob1
joanna@gmail,SprawdzamFormularz4689!,SprawdzamFormularz4689!,J,H,Polska,Bajkowa,22-987,Mazowieckie,Poznań,987654321
joanna@gmail,SprawdzamFormularz4689!,SprawdzamFormularz4689!,a,a,Polska,Bajkowa,22-987,Mazowieckie,Poznań,987654321
joanna@gmail,SprawdzamFormularz4689!,SprawdzamFormularz4689!,1,Hejka,Polska,Bajkowa,22-987,Poznań,Mazowieckie,987654321
joanna@gmail,SprawdzamFormularz4689!,SprawdzamFormularz4689!,Joanna,1,Polska,Bajkowa,22-987,Poznań,Mazowieckie,987654321
joanna@gmail,SprawdzamFormularz4689!,SprawdzamFormularz4689!,123456,123456,Polska,Bajkowa,22-987,Mazowieckie,Poznań,987654321
joanna@gmail,SprawdzamFormularz4689!,SprawdzamFormularz4689!,Joanna,123456,Polska,Bajkowa,22-987,Mazowieckie,Poznań,987654321
joanna@gmail,SprawdzamFormularz4689!,SprawdzamFormularz4689!,123456,Hejka,Polska,Bajkowa,22-987,Poznań,Mazowieckie,987654321
joanna@gmail,SprawdzamFormularz4689!,SprawdzamFormularz4689!,J1o2a3n4n5a6,Hejka,Polska,Bajkowa,22-987,Poznań,Mazowieckie,987654321
joanna@gmail,SprawdzamFormularz4689!,SprawdzamFormularz4689!,Joanna,H1e2j3k4a5,Polska,Bajkowa,22-987,Poznań,Mazowieckie,987654321
joanna@gmail,SprawdzamFormularz4689!,SprawdzamFormularz4689!,JoannaJoannaJoannaJoannaJoannaJoannaJoannaJoannaJoannaJoannaJoannaJoannaJoannaJoannaJoannaJoannaJoannaJoannaJoannaJoannaJoannaJoannaJoannaJoannaJoannaJoannaJoannaJoannaJoannaJoannaJoannaJoannaJoanna,H1e2j3k4a5H1e2j3k4a5H1e2j3k4a5H1e2j3k4a5H1e2j3k4a5H1e2j3k4a5H1e2j3k4a5H1e2j3k4a5H1e2j3k4a5H1e2j3k4a5H1e2j3k4a5,Polska,Bajkowa,22-987,Poznań,Mazowieckie,987654321
joanna@gmail,SprawdzamFormularz4689!,SprawdzamFormularz4689!,Joanna,HejkaHejkaHejkaHejkaHejkaHejkaHejkaHejkaHejkaHejkaHejkaHejkaHejkaHejkaHejkaHejkaHejkaHejkaHejkaHejkaHejkaHejkaHejkaHejkaHejkaHejkaHejkaHejkaHejkaHejkaHejkaHejkaHejkaHejkaHejkaHejkaHejkaHejka,Polska,Bajkowa,22-987,Poznań,Mazowieckie,987654321
